serie,blocco,inizio,fine,n
AAA,7,1919-01-01,2026-08-01,1292
BAA,7,1919-01-01,2026-08-01,1292
BAA10Y,7,1986-01-02,2026-08-31,10608
BAMLH0A0HYM2,7,2023-09-04,2026-08-31,793
BUSLOANS,7,1947-01-01,2026-07-01,955
CCSA,1,1967-01-07,2026-08-15,3111
CIVPART,1,1948-01-01,2026-07-01,943
CP,6,1946-01-01,2026-04-01,322
CPATAX,6,1946-01-01,2026-04-01,322
CPIAUCSL,3,1947-01-01,2026-07-01,955
CPILFESL,3,1957-01-01,2026-07-01,835
CSUSHPINSA,91,1975-01-01,2026-06-01,618
DRSFRMACBS,7,1991-01-01,2026-04-01,142
DRTSCILM,91,1990-04-01,2026-07-01,146
DTWEXBGS,8,2006-01-02,2026-08-28,5390
FEDFUNDS,4,1954-07-01,2026-08-01,866
GDPC1,2,1947-01-01,2026-04-01,318
GFDEGDQ188S,8,1966-01-01,2026-01-01,241
GS1,4,1953-04-01,2026-08-01,881
GS10,4,1953-04-01,2026-08-01,881
GS2,4,1976-06-01,2026-08-01,603
ICSA,1,1967-01-07,2026-08-22,3112
INDPRO,2,1919-01-01,2026-07-01,1291
JTSJOL,91,2000-12-01,2026-07-01,308
JTSQUR,91,2000-12-01,2026-07-01,308
MORTGAGE30US,91,1971-04-02,2026-08-27,2892
NETEXP,8,1946-01-01,2026-04-01,322
NEWORDER,2,1968-02-01,2026-07-01,702
NFCI,91,1971-01-08,2026-08-21,2903
PAYEMS,1,1939-01-01,2026-07-01,1051
PCEPI,3,1959-01-01,2026-07-01,811
PCEPILFE,3,1959-01-01,2026-07-01,811
PNFI,2,1946-01-01,2026-04-01,322
SP500,5,2016-09-02,2026-09-01,2608
T10Y2Y,4,1976-06-01,2026-09-01,13111
T10Y3M,4,1982-01-04,2026-09-01,11652
TB3MS,4,1934-01-01,2026-08-01,1112
TOTBKCR,7,1973-01-03,2026-08-19,2799
UMCSENT,91,1952-11-01,2026-07-01,885
UNRATE,1,1948-01-01,2026-07-01,943
VIXCLS,91,1990-01-02,2026-08-31,9565
